{
    "Empty House": {
        "p": 0.0,
        "q": 0.0,
        "s": 0.0
    },
    "My House": {
        "p": 486.0,
        "q": 235.38054295119636,
        "s": 540.0
    },
    "Your House": {
        "p": 421.84799999999996,
        "q": 204.3103112816385,
        "s": 468.71999999999997
    },
    "240 House": {
        "p": 324.0,
        "q": 156.92036196746426,
        "s": 360.0
    },
    "Light Commercial": {
        "p": 810.0,
        "q": 392.3009049186606,
        "s": 900.0
    },
    "Large Commercial": {
        "p": 8370.0,
        "q": 4053.776017492826,
        "s": 9300.0
    },
    "Industrial #1": {
        "p": 78000.0,
        "q": 68789.53408767935,
        "s": 104000
    },
    "Industrial #2": {
        "p": 118560.0,
        "q": 38968.787510006005,
        "s": 124800
    }
}